# Pathway	F2.humann2_Abundance
PWY-5139: pelargonidin conjugates biosynthesis	40.5347253195
PWY-5139: pelargonidin conjugates biosynthesis|unclassified	26.2903267499
PWY-5139: pelargonidin conjugates biosynthesis|g__Pseudomonas.s__Pseudomonas_fragi	3.0605582098
PWY-5972: stearate biosynthesis I (animals)	40.5347253195
PWY-5972: stearate biosynthesis I (animals)|unclassified	26.2903267499
PWY-5972: stearate biosynthesis I (animals)|g__Rhodopseudomonas.s__Rhodopseudomonas_palustris	11.1838403598
PWY-5972: stearate biosynthesis I (animals)|g__Pseudomonas.s__Pseudomonas_fragi	3.9643244346
PWY-7318: dTDP-3-acetamido-3,6-dideoxy-&alpha;-D-glucose biosynthesis	40.5347253195
PWY-7318: dTDP-3-acetamido-3,6-dideoxy-&alpha;-D-glucose biosynthesis|unclassified	26.2903267499
PWY-6973: dTDP-D-olivose, dTDP-D-oliose and dTDP-D-mycarose biosynthesis	34.3246659170
PWY-6973: dTDP-D-olivose, dTDP-D-oliose and dTDP-D-mycarose biosynthesis|unclassified	21.2641243623
PWY-6973: dTDP-D-olivose, dTDP-D-oliose and dTDP-D-mycarose biosynthesis|g__Rhodopseudomonas.s__Rhodopseudomonas_palustris	9.0894462759
PWY-6973: dTDP-D-olivose, dTDP-D-oliose and dTDP-D-mycarose biosynthesis|g__Pseudomonas.s__Pseudomonas_fragi	5.6255057414
PWY-6973: dTDP-D-olivose, dTDP-D-oliose and dTDP-D-mycarose biosynthesis|g__Propionibacterium.s__Propionibacterium_acnes	2.1975310093
PWY-6974: dTDP-L-olivose biosynthesis	34.3246659170
PWY-6974: dTDP-L-olivose biosynthesis|unclassified	17.4121828904
PWY-6974: dTDP-L-olivose biosynthesis|g__Rhodopseudomonas.s__Rhodopseudomonas_palustris	9.0894462759
PWY-6974: dTDP-L-olivose biosynthesis|g__Pseudomonas.s__Pseudomonas_fragi	5.6255057414
PWY-6974: dTDP-L-olivose biosynthesis|g__Propionibacterium.s__Propionibacterium_acnes	2.1975310093
PWY-6976: dTDP-L-mycarose biosynthesis	34.3246659170
PWY-6976: dTDP-L-mycarose biosynthesis|unclassified	21.2641243623
PWY-6976: dTDP-L-mycarose biosynthesis|g__Rhodopseudomonas.s__Rhodopseudomonas_palustris	9.0894462759
PWY-6976: dTDP-L-mycarose biosynthesis|g__Pseudomonas.s__Pseudomonas_fragi	5.6255057414
PWY-7104: dTDP-L-megosamine biosynthesis	34.3246659170
PWY-7104: dTDP-L-megosamine biosynthesis|unclassified	21.2641243623
PWY-7104: dTDP-L-megosamine biosynthesis|g__Rhodopseudomonas.s__Rhodopseudomonas_palustris	9.0894462759
PWY-7440: dTDP-&beta;-L-4-epi-vancosamine biosynthesis	34.3246659170
PWY-7440: dTDP-&beta;-L-4-epi-vancosamine biosynthesis|unclassified	21.2641243623
PWY-7440: dTDP-&beta;-L-4-epi-vancosamine biosynthesis|g__Rhodopseudomonas.s__Rhodopseudomonas_palustris	9.0894462759
PWY-7440: dTDP-&beta;-L-4-epi-vancosamine biosynthesis|g__Pseudomonas.s__Pseudomonas_fragi	5.6255057414
PWY-7440: dTDP-&beta;-L-4-epi-vancosamine biosynthesis|g__Propionibacterium.s__Propionibacterium_acnes	2.1975310093
PWY-7157: eupatolitin 3-O-glucoside biosynthesis	33.7347548503
PWY-7157: eupatolitin 3-O-glucoside biosynthesis|unclassified	27.3044417848
PWY-7157: eupatolitin 3-O-glucoside biosynthesis|g__Pseudomonas.s__Pseudomonas_fragi	5.6232105635
PWY-7157: eupatolitin 3-O-glucoside biosynthesis|g__Rhodopseudomonas.s__Rhodopseudomonas_palustris	0.8071025020
PWY-5041: S-adenosyl-L-methionine cycle II	29.2520201677
PWY-5041: S-adenosyl-L-methionine cycle II|unclassified	14.0471839718
PWY-5041: S-adenosyl-L-methionine cycle II|g__Rhodopseudomonas.s__Rhodopseudomonas_palustris	13.0978730624
PWY-5041: S-adenosyl-L-methionine cycle II|g__Pseudomonas.s__Pseudomonas_fragi	5.6134387343
PWY-3781: aerobic respiration (cytochrome c)	24.1547343400
PWY-3781: aerobic respiration (cytochrome c)|unclassified	19.6085889702
PWY-3781: aerobic respiration (cytochrome c)|g__Pseudomonas.s__Pseudomonas_fragi	1.4311474689
PWY-7279: aerobic respiration (cytochrome c) (yeast)	24.1547343400
PWY-7279: aerobic respiration (cytochrome c) (yeast)|unclassified	17.8894142202
PWY-7279: aerobic respiration (cytochrome c) (yeast)|g__Pseudomonas.s__Pseudomonas_fragi	1.4311474689
PWY-6338: superpathway of vanillin and vanillate degradation	23.8253153934
PWY-6338: superpathway of vanillin and vanillate degradation|unclassified	5.2689316251
PWY-6338: superpathway of vanillin and vanillate degradation|g__Rhodopseudomonas.s__Rhodopseudomonas_palustris	2.3286100232
PWY-7097: vanillin and vanillate degradation I	23.8253153934
PWY-7097: vanillin and vanillate degradation I|unclassified	5.2689316251
PWY-7097: vanillin and vanillate degradation I|g__Rhodopseudomonas.s__Rhodopseudomonas_palustris	2.3286100232
ARGSYNBSUB-PWY: arginine biosynthesis II (acetyl cycle)	20.3971423816
ARGSYNBSUB-PWY: arginine biosynthesis II (acetyl cycle)|unclassified	9.6168369400
ARGSYNBSUB-PWY: arginine biosynthesis II (acetyl cycle)|g__Rhodopseudomonas.s__Rhodopseudomonas_palustris	9.5047135797
ARGSYNBSUB-PWY: arginine biosynthesis II (acetyl cycle)|g__Propionibacterium.s__Propionibacterium_acnes	2.3353573097
ARGSYNBSUB-PWY: arginine biosynthesis II (acetyl cycle)|g__Pseudomonas.s__Pseudomonas_fragi	1.4267721584
CALVIN-PWY: Calvin-Benson-Bassham cycle	19.4526721794
CALVIN-PWY: Calvin-Benson-Bassham cycle|unclassified	5.8746107390
CALVIN-PWY: Calvin-Benson-Bassham cycle|g__Rhodopseudomonas.s__Rhodopseudomonas_palustris	3.3781344877
PWY-7210: pyrimidine deoxyribonucleotides biosynthesis from CTP	18.7760999775
PWY-7210: pyrimidine deoxyribonucleotides biosynthesis from CTP|g__Rhodopseudomonas.s__Rhodopseudomonas_palustris	8.6273259514
PWY-7210: pyrimidine deoxyribonucleotides biosynthesis from CTP|unclassified	7.8013561858
P184-PWY: protocatechuate degradation I (meta-cleavage pathway)	18.4157638098
P184-PWY: protocatechuate degradation I (meta-cleavage pathway)|g__Rhodopseudomonas.s__Rhodopseudomonas_palustris	16.1396207734
P184-PWY: protocatechuate degradation I (meta-cleavage pathway)|unclassified	3.7540968054
PWY-7230: ubiquinol-6 biosynthesis from 4-aminobenzoate (eukaryotic)	18.2114139089
PWY-7230: ubiquinol-6 biosynthesis from 4-aminobenzoate (eukaryotic)|unclassified	13.8860747529
PWY-7230: ubiquinol-6 biosynthesis from 4-aminobenzoate (eukaryotic)|g__Rhodopseudomonas.s__Rhodopseudomonas_palustris	2.1311700577
P105-PWY: TCA cycle IV (2-oxoglutarate decarboxylase)	18.1998747707
P105-PWY: TCA cycle IV (2-oxoglutarate decarboxylase)|g__Rhodopseudomonas.s__Rhodopseudomonas_palustris	10.7695662781
P105-PWY: TCA cycle IV (2-oxoglutarate decarboxylase)|unclassified	5.8774651918
PWY-6969: TCA cycle V (2-oxoglutarate:ferredoxin oxidoreductase)	18.1998747707
PWY-6969: TCA cycle V (2-oxoglutarate:ferredoxin oxidoreductase)|g__Rhodopseudomonas.s__Rhodopseudomonas_palustris	11.3258264893
PWY-6969: TCA cycle V (2-oxoglutarate:ferredoxin oxidoreductase)|unclassified	4.1044902902
PWY-5723: Rubisco shunt	18.1691996188
PWY-5723: Rubisco shunt|unclassified	5.4966043080
PWY-7184: pyrimidine deoxyribonucleotides de novo biosynthesis I	17.8731811785
PWY-7184: pyrimidine deoxyribonucleotides de novo biosynthesis I|unclassified	9.9615368245
PWY-7184: pyrimidine deoxyribonucleotides de novo biosynthesis I|g__Rhodopseudomonas.s__Rhodopseudomonas_palustris	6.8749091258
PWY-7198: pyrimidine deoxyribonucleotides de novo biosynthesis IV	17.5912016638
PWY-7198: pyrimidine deoxyribonucleotides de novo biosynthesis IV|unclassified	9.0891605001
PWY-7198: pyrimidine deoxyribonucleotides de novo biosynthesis IV|g__Rhodopseudomonas.s__Rhodopseudomonas_palustris	6.4389413196
P108-PWY: pyruvate fermentation to propionate I	16.9286908489
P108-PWY: pyruvate fermentation to propionate I|g__Rhodopseudomonas.s__Rhodopseudomonas_palustris	11.9265403194
P108-PWY: pyruvate fermentation to propionate I|g__Propionibacterium.s__Propionibacterium_acnes	3.8903625111
TCA: TCA cycle I (prokaryotic)	16.8840901985
TCA: TCA cycle I (prokaryotic)|g__Rhodopseudomonas.s__Rhodopseudomonas_palustris	9.3923065755
TCA: TCA cycle I (prokaryotic)|unclassified	4.1577813710
NONMEVIPP-PWY: methylerythritol phosphate pathway	15.4976657719
NONMEVIPP-PWY: methylerythritol phosphate pathway|unclassified	11.3142212704
NONMEVIPP-PWY: methylerythritol phosphate pathway|g__Rhodopseudomonas.s__Rhodopseudomonas_palustris	3.1002240849
NONMEVIPP-PWY: methylerythritol phosphate pathway|g__Propionibacterium.s__Propionibacterium_acnes	1.1083402605
GLYOXYLATE-BYPASS: glyoxylate cycle	15.0878808250
GLYOXYLATE-BYPASS: glyoxylate cycle|g__Rhodopseudomonas.s__Rhodopseudomonas_palustris	9.1922566398
GLYOXYLATE-BYPASS: glyoxylate cycle|unclassified	4.1808852543
PWY-702: methionine biosynthesis II	14.8343139069
PWY-702: methionine biosynthesis II|unclassified	10.0258165087
PWY-702: methionine biosynthesis II|g__Rhodopseudomonas.s__Rhodopseudomonas_palustris	1.9357122797
DAPLYSINESYN-PWY: lysine biosynthesis I	14.6504892098
DAPLYSINESYN-PWY: lysine biosynthesis I|unclassified	6.2504780210
DAPLYSINESYN-PWY: lysine biosynthesis I|g__Rhodopseudomonas.s__Rhodopseudomonas_palustris	5.3343516716
DAPLYSINESYN-PWY: lysine biosynthesis I|g__Pseudomonas.s__Pseudomonas_fragi	4.5681206987
VALSYN-PWY: valine biosynthesis	14.5845210904
VALSYN-PWY: valine biosynthesis|g__Rhodopseudomonas.s__Rhodopseudomonas_palustris	5.5803423815
VALSYN-PWY: valine biosynthesis|unclassified	3.7831245313
VALSYN-PWY: valine biosynthesis|g__Pseudomonas.s__Pseudomonas_fragi	1.4608565146
PWY-6318: phenylalanine degradation IV (mammalian, via side chain)	14.5293312867
PWY-6318: phenylalanine degradation IV (mammalian, via side chain)|g__Rhodopseudomonas.s__Rhodopseudomonas_palustris	8.6559134914
PWY-6318: phenylalanine degradation IV (mammalian, via side chain)|unclassified	5.4334277520
PWY-6708: ubiquinol-8 biosynthesis (prokaryotic)	14.3007477650
PWY-6708: ubiquinol-8 biosynthesis (prokaryotic)|unclassified	10.6867608989
PWY-6708: ubiquinol-8 biosynthesis (prokaryotic)|g__Rhodopseudomonas.s__Rhodopseudomonas_palustris	2.0551780561
GLYCOGENSYNTH-PWY: glycogen biosynthesis I (from ADP-D-Glucose)	14.1464392013
GLYCOGENSYNTH-PWY: glycogen biosynthesis I (from ADP-D-Glucose)|unclassified	13.4577339671
GLYCOGENSYNTH-PWY: glycogen biosynthesis I (from ADP-D-Glucose)|g__Rhodopseudomonas.s__Rhodopseudomonas_palustris	1.0871134037
PWY-5855: ubiquinol-7 biosynthesis (prokaryotic)	13.3994190177
PWY-5855: ubiquinol-7 biosynthesis (prokaryotic)|unclassified	10.2190372517
PWY-5855: ubiquinol-7 biosynthesis (prokaryotic)|g__Rhodopseudomonas.s__Rhodopseudomonas_palustris	2.2116660580
PWY-3841: folate transformations II	13.1773192840
PWY-3841: folate transformations II|unclassified	6.7541534998
PWY-5913: TCA cycle VI (obligate autotrophs)	12.9691159883
PWY-5913: TCA cycle VI (obligate autotrophs)|unclassified	6.6217118274
PWY-5913: TCA cycle VI (obligate autotrophs)|g__Rhodopseudomonas.s__Rhodopseudomonas_palustris	5.9882881563
PWY-7478: oryzalexin D and E biosynthesis	11.8994528474
PWY-7478: oryzalexin D and E biosynthesis|unclassified	9.0330044178
PWY-7478: oryzalexin D and E biosynthesis|g__Rhodopseudomonas.s__Rhodopseudomonas_palustris	2.8664484296
THRESYN-PWY: threonine biosynthesis	11.4839521766
THRESYN-PWY: threonine biosynthesis|unclassified	4.2531443893
PWY-7055: daphnetin modification	11.4063994556
PWY-7055: daphnetin modification|unclassified	8.9812140231
PWY-7055: daphnetin modification|g__Pseudomonas.s__Pseudomonas_fragi	2.3545656637
PWY-7077: N-acetyl-D-galactosamine degradation	11.3537411127
PWY-7077: N-acetyl-D-galactosamine degradation|unclassified	9.1892389482
PWY-7077: N-acetyl-D-galactosamine degradation|g__Rhodopseudomonas.s__Rhodopseudomonas_palustris	2.1645021645
LYSDEGII-PWY: lysine degradation III	10.7955795946
LYSDEGII-PWY: lysine degradation III|unclassified	1.6173340766
TCA-GLYOX-BYPASS: superpathway of glyoxylate bypass and TCA	10.6962331630
TCA-GLYOX-BYPASS: superpathway of glyoxylate bypass and TCA|unclassified	3.6905467861
PWY-5973: cis-vaccenate biosynthesis	10.5986047234
PWY-5973: cis-vaccenate biosynthesis|g__Rhodopseudomonas.s__Rhodopseudomonas_palustris	4.5644078947
PWY-5973: cis-vaccenate biosynthesis|unclassified	4.0752615262
PWY-5973: cis-vaccenate biosynthesis|g__Pseudomonas.s__Pseudomonas_fragi	1.7905872736
PWY-7301: dTDP-&beta;-L-noviose biosynthesis	10.5085804751
PWY-7301: dTDP-&beta;-L-noviose biosynthesis|unclassified	8.5778775697
PWY-7228: superpathway of guanosine nucleotides de novo biosynthesis I	10.4967038010
PWY-7228: superpathway of guanosine nucleotides de novo biosynthesis I|unclassified	5.0334857894
PWY-7228: superpathway of guanosine nucleotides de novo biosynthesis I|g__Rhodopseudomonas.s__Rhodopseudomonas_palustris	3.2008561815
ANAGLYCOLYSIS-PWY: glycolysis III (from glucose)	10.2258137858
ANAGLYCOLYSIS-PWY: glycolysis III (from glucose)|unclassified	7.5483992512
PWY-7221: guanosine ribonucleotides de novo biosynthesis	10.1307742700
PWY-7221: guanosine ribonucleotides de novo biosynthesis|unclassified	4.4774924809
PWY-7221: guanosine ribonucleotides de novo biosynthesis|g__Rhodopseudomonas.s__Rhodopseudomonas_palustris	3.0528515749
PWY-5686: UMP biosynthesis	10.0652397105
PWY-5686: UMP biosynthesis|unclassified	6.1383330709
PWY-6339: syringate degradation	10.0345211694
PWY-6339: syringate degradation|unclassified	9.2329936282
FASYN-ELONG-PWY: fatty acid elongation -- saturated	9.9244181992
FASYN-ELONG-PWY: fatty acid elongation -- saturated|g__Rhodopseudomonas.s__Rhodopseudomonas_palustris	5.2188694620
FASYN-ELONG-PWY: fatty acid elongation -- saturated|unclassified	2.2545106524
PWY-6282: palmitoleate biosynthesis I	9.9244181992
PWY-6282: palmitoleate biosynthesis I|g__Rhodopseudomonas.s__Rhodopseudomonas_palustris	6.9641459614
PWY-6282: palmitoleate biosynthesis I|unclassified	2.2545106524
PWYG-321: mycolate biosynthesis	9.8592084842
PWYG-321: mycolate biosynthesis|unclassified	2.1409811848
PWY-5857: ubiquinol-10 biosynthesis (prokaryotic)	9.7056772420
PWY-5857: ubiquinol-10 biosynthesis (prokaryotic)|unclassified	8.1761103143
PWY-5856: ubiquinol-9 biosynthesis (prokaryotic)	9.3605367156
PWY-5856: ubiquinol-9 biosynthesis (prokaryotic)|unclassified	8.0238771763
PWY-5981: CDP-diacylglycerol biosynthesis III	8.9893448336
PWY-5981: CDP-diacylglycerol biosynthesis III|unclassified	8.4798861544
SO4ASSIM-PWY: sulfate reduction I (assimilatory)	8.9320692543
SO4ASSIM-PWY: sulfate reduction I (assimilatory)|unclassified	5.9302335730
SO4ASSIM-PWY: sulfate reduction I (assimilatory)|g__Pseudomonas.s__Pseudomonas_fragi	2.1674408857
SO4ASSIM-PWY: sulfate reduction I (assimilatory)|g__Rhodopseudomonas.s__Rhodopseudomonas_palustris	0.7149799521
PWY-6123: inosine-5'-phosphate biosynthesis I	8.8785267803
PWY-6123: inosine-5'-phosphate biosynthesis I|unclassified	3.8542879306
PWY-6123: inosine-5'-phosphate biosynthesis I|g__Pseudomonas.s__Pseudomonas_fragi	1.3039934800
ARO-PWY: chorismate biosynthesis I	8.8336956774
ARO-PWY: chorismate biosynthesis I|unclassified	4.5402351633
PWY-7212: baicalein metabolism	8.7056968039
PWY-7212: baicalein metabolism|unclassified	6.7392687215
LEU-DEG2-PWY: leucine degradation I	8.4159879355
LEU-DEG2-PWY: leucine degradation I|g__Rhodopseudomonas.s__Rhodopseudomonas_palustris	6.0311306231
LEU-DEG2-PWY: leucine degradation I|unclassified	2.3982408082
PWY-7219: adenosine ribonucleotides de novo biosynthesis	8.3242923593
PWY-7219: adenosine ribonucleotides de novo biosynthesis|g__Pseudomonas.s__Pseudomonas_fragi	2.3859128650
PWY-7219: adenosine ribonucleotides de novo biosynthesis|unclassified	1.9935715639
PWY-6163: chorismate biosynthesis from 3-dehydroquinate	8.2972161481
PWY-6163: chorismate biosynthesis from 3-dehydroquinate|unclassified	4.3944827276
PWY-7383: anaerobic energy metabolism (invertebrates, cytosol)	8.2142512612
PWY-7383: anaerobic energy metabolism (invertebrates, cytosol)|unclassified	3.4779191305
PWY-5690: TCA cycle II (plants and fungi)	7.5699592511
PWY-5690: TCA cycle II (plants and fungi)|unclassified	3.4540444750
DENITRIFICATION-PWY: nitrate reduction I (denitrification)	7.5036932545
DENITRIFICATION-PWY: nitrate reduction I (denitrification)|g__Rhodopseudomonas.s__Rhodopseudomonas_palustris	4.3673888405
DENITRIFICATION-PWY: nitrate reduction I (denitrification)|unclassified	2.7276884039
PWY0-42: 2-methylcitrate cycle I	7.5003058196
PWY0-42: 2-methylcitrate cycle I|unclassified	4.9142817610
PWY0-42: 2-methylcitrate cycle I|g__Pseudomonas.s__Pseudomonas_fragi	1.3468013468
PWY0-42: 2-methylcitrate cycle I|g__Rhodopseudomonas.s__Rhodopseudomonas_palustris	1.2392227119
PWY66-399: gluconeogenesis III	7.4831356295
PWY66-399: gluconeogenesis III|unclassified	3.8562267705
GLUCONEO-PWY: gluconeogenesis I	7.3949917796
GLUCONEO-PWY: gluconeogenesis I|unclassified	3.7467287075
PWY-6122: 5-aminoimidazole ribonucleotide biosynthesis II	7.0898437640
PWY-6122: 5-aminoimidazole ribonucleotide biosynthesis II|unclassified	4.0468659814
PWY-1042: glycolysis IV (plant cytosol)	6.9592353424
PWY-1042: glycolysis IV (plant cytosol)|unclassified	6.0874913600
PWY-1042: glycolysis IV (plant cytosol)|g__Propionibacterium.s__Propionibacterium_acnes	2.5547134463
PWY-7115: C4 photosynthetic carbon assimilation cycle, NAD-ME type	6.9190721398
PWY-7115: C4 photosynthetic carbon assimilation cycle, NAD-ME type|unclassified	2.5368243879
GLYCOLYSIS: glycolysis I (from glucose-6P)	6.9102003963
GLYCOLYSIS: glycolysis I (from glucose-6P)|unclassified	3.3347277850
PWY-7046: 4-coumarate degradation (anaerobic)	6.8958014282
PWY-7046: 4-coumarate degradation (anaerobic)|unclassified	5.3827812126
HISHP-PWY: histidine degradation VI	6.6775424304
HISHP-PWY: histidine degradation VI|unclassified	5.0364990641
PWY-6317: galactose degradation I (Leloir pathway)	6.6631303399
PWY-6317: galactose degradation I (Leloir pathway)|unclassified	6.6631303399
PWY-5168: ferulate and sinapate biosynthesis	6.6190165483
PWY-5168: ferulate and sinapate biosynthesis|unclassified	4.5782183892
PWY-5168: ferulate and sinapate biosynthesis|g__Pseudomonas.s__Pseudomonas_fragi	2.0407981591
P41-PWY: pyruvate fermentation to acetate and lactate I	6.4419515217
P41-PWY: pyruvate fermentation to acetate and lactate I|unclassified	3.8097417679
PWY-841: superpathway of purine nucleotides de novo biosynthesis I	6.3537623763
PWY-841: superpathway of purine nucleotides de novo biosynthesis I|unclassified	3.3729885417
GLYCOLATEMET-PWY: glycolate and glyoxylate degradation I	6.2317454144
GLYCOLATEMET-PWY: glycolate and glyoxylate degradation I|unclassified	4.2333954038
GLYCOLATEMET-PWY: glycolate and glyoxylate degradation I|g__Pseudomonas.s__Pseudomonas_fragi	1.7230706305
CITRULBIO-PWY: citrulline biosynthesis	6.2040154892
CITRULBIO-PWY: citrulline biosynthesis|unclassified	3.8253817650
PWY-6305: putrescine biosynthesis IV	6.0108313423
PWY-6305: putrescine biosynthesis IV|unclassified	1.7386584611
PWY-6305: putrescine biosynthesis IV|g__Pseudomonas.s__Pseudomonas_fragi	1.7317797087
PWY-5484: glycolysis II (from fructose-6P)	6.0040195074
PWY-5484: glycolysis II (from fructose-6P)|unclassified	3.6810104274
NONOXIPENT-PWY: pentose phosphate pathway (non-oxidative branch)	6.0028479688
NONOXIPENT-PWY: pentose phosphate pathway (non-oxidative branch)|unclassified	3.0787411163
UDPNAGSYN-PWY: UDP-N-acetyl-D-glucosamine biosynthesis I	5.9763099329
UDPNAGSYN-PWY: UDP-N-acetyl-D-glucosamine biosynthesis I|unclassified	2.8383514365
PWY-2941: lysine biosynthesis II	5.9752531415
PWY-2941: lysine biosynthesis II|unclassified	3.0744087090
PWY-7117: C4 photosynthetic carbon assimilation cycle, PEPCK type	5.6785004700
PWY-7117: C4 photosynthetic carbon assimilation cycle, PEPCK type|unclassified	1.9971928471
ANAEROFRUCAT-PWY: homolactic fermentation	5.5611692040
ANAEROFRUCAT-PWY: homolactic fermentation|unclassified	2.8836353655
PWY-6581: spirilloxanthin and 2,2'-diketo-spirilloxanthin biosynthesis	5.5534648302
PWY-6581: spirilloxanthin and 2,2'-diketo-spirilloxanthin biosynthesis|unclassified	5.4135460975
GLYCOLYSIS-TCA-GLYOX-BYPASS: superpathway of glycolysis, pyruvate dehydrogenase, TCA, and glyoxylate bypass	5.4282378145
GLYCOLYSIS-TCA-GLYOX-BYPASS: superpathway of glycolysis, pyruvate dehydrogenase, TCA, and glyoxylate bypass|unclassified	2.9585391203
PWY-5022: 4-aminobutyrate degradation V	5.3585243649
PWY-5022: 4-aminobutyrate degradation V|unclassified	0.7916927021
PWY-6936: seleno-amino acid biosynthesis	5.3207875220
PWY-6936: seleno-amino acid biosynthesis|unclassified	4.7192026316
PWY0-301: L-ascorbate degradation I (bacterial, anaerobic)	5.2969346210
PWY0-301: L-ascorbate degradation I (bacterial, anaerobic)|unclassified	5.2969346210
PYRIDNUCSYN-PWY: NAD biosynthesis I (from aspartate)	5.2285035862
PYRIDNUCSYN-PWY: NAD biosynthesis I (from aspartate)|unclassified	2.1544277174
COA-PWY: coenzyme A biosynthesis	5.1382924274
COA-PWY: coenzyme A biosynthesis|unclassified	1.0784697053
P221-PWY: octane oxidation	5.0455497882
P221-PWY: octane oxidation|unclassified	4.5690366669
ARGININE-SYN4-PWY: ornithine de novo  biosynthesis	4.7272449310
ARGININE-SYN4-PWY: ornithine de novo  biosynthesis|unclassified	2.7011526777
PWY-5464: superpathway of cytosolic glycolysis (plants), pyruvate dehydrogenase and TCA cycle	4.7107828396
PWY-5464: superpathway of cytosolic glycolysis (plants), pyruvate dehydrogenase and TCA cycle|unclassified	2.9857874616
COBALSYN-PWY: adenosylcobalamin salvage from cobinamide I	4.5463576902
COBALSYN-PWY: adenosylcobalamin salvage from cobinamide I|unclassified	2.3600902463
COBALSYN-PWY: adenosylcobalamin salvage from cobinamide I|g__Pseudomonas.s__Pseudomonas_fragi	1.9157088123
PWY-6124: inosine-5'-phosphate biosynthesis II	4.3977105875
PWY-6124: inosine-5'-phosphate biosynthesis II|unclassified	3.9234017501
GALLATE-DEGRADATION-II-PWY: gallate degradation I	4.3737933473
GALLATE-DEGRADATION-II-PWY: gallate degradation I|unclassified	3.7513715772
12DICHLORETHDEG-PWY: 1,2-dichloroethane degradation	4.3531649974
12DICHLORETHDEG-PWY: 1,2-dichloroethane degradation|unclassified	4.1222218083
PWY-5514: UDP-N-acetyl-D-galactosamine biosynthesis II	4.3435148940
PWY-7386: superpathway of lipoate biosynthesis and incorporation (PDH, KGDH, GCV, yeast)	4.3365575487
PWY-7386: superpathway of lipoate biosynthesis and incorporation (PDH, KGDH, GCV, yeast)|g__Pseudomonas.s__Pseudomonas_fragi	1.2802585545
PWY-7386: superpathway of lipoate biosynthesis and incorporation (PDH, KGDH, GCV, yeast)|unclassified	0.1941952526
PWY-6121: 5-aminoimidazole ribonucleotide biosynthesis I	4.1777023295
PWY-6121: 5-aminoimidazole ribonucleotide biosynthesis I|unclassified	2.8949928955
M-CRESOL-DEGRADATION-PWY: m-cresol degradation	4.0716966843
M-CRESOL-DEGRADATION-PWY: m-cresol degradation|unclassified	3.7890330508
PWY-6277: superpathway of 5-aminoimidazole ribonucleotide biosynthesis	3.9357645803
PWY-6277: superpathway of 5-aminoimidazole ribonucleotide biosynthesis|unclassified	2.9200330600
PWY-1269: CMP-KDO biosynthesis I	3.9124957397
PWY-1269: CMP-KDO biosynthesis I|unclassified	3.2792729171
PWY-6945: cholesterol degradation to androstenedione I (cholesterol oxidase)	3.9025808808
PWY-6945: cholesterol degradation to androstenedione I (cholesterol oxidase)|unclassified	2.8152803862
PWY-3941: &beta;-alanine biosynthesis II	3.8694600119
PWY-3941: &beta;-alanine biosynthesis II|unclassified	1.7595427323
TYRFUMCAT-PWY: tyrosine degradation I	3.8339572353
TYRFUMCAT-PWY: tyrosine degradation I|unclassified	3.0364546954
PWY-5345: superpathway of methionine biosynthesis (by sulfhydrylation)	3.6699791772
PWY-5345: superpathway of methionine biosynthesis (by sulfhydrylation)|unclassified	2.8635195592
ANARESP1-PWY: respiration (anaerobic)	3.4941451594
ANARESP1-PWY: respiration (anaerobic)|unclassified	2.2144460183
PWY-4041: &gamma;-glutamyl cycle	3.3528798719
PWY-4041: &gamma;-glutamyl cycle|unclassified	3.0497463398
PWY0-1241: ADP-L-glycero-&beta;-D-manno-heptose biosynthesis	3.2566816129
PWY0-1241: ADP-L-glycero-&beta;-D-manno-heptose biosynthesis|unclassified	2.7387943282
PWY-5667: CDP-diacylglycerol biosynthesis I	3.0541957711
PWY-5667: CDP-diacylglycerol biosynthesis I|unclassified	2.6720279101
PWY0-1319: CDP-diacylglycerol biosynthesis II	3.0541957711
PWY0-1319: CDP-diacylglycerol biosynthesis II|unclassified	2.6720279101
PWY-4221: pantothenate and coenzyme A biosynthesis II	2.8472371646
PWY-4221: pantothenate and coenzyme A biosynthesis II|unclassified	1.3949608648
PWY-561: superpathway of glyoxylate cycle and fatty acid degradation	2.7508991113
PWY-561: superpathway of glyoxylate cycle and fatty acid degradation|unclassified	1.9036093709
PWY-6531: mannitol cycle	2.7447475554
PWY-6531: mannitol cycle|g__Propionibacterium.s__Propionibacterium_acnes	1.9593436199
PWY-6531: mannitol cycle|unclassified	0.7831945754
PWY66-388: fatty acid &alpha;-oxidation III	2.7007823486
PWY66-388: fatty acid &alpha;-oxidation III|unclassified	2.0767299947
PWY-7094: fatty acid salvage	2.6995791133
PWY-7094: fatty acid salvage|g__Rhodopseudomonas.s__Rhodopseudomonas_palustris	2.0522634471
OANTIGEN-PWY: O-antigen building blocks biosynthesis (E. coli)	2.6742547752
OANTIGEN-PWY: O-antigen building blocks biosynthesis (E. coli)|unclassified	2.1114314909
FERMENTATION-PWY: mixed acid fermentation	2.6320358308
FERMENTATION-PWY: mixed acid fermentation|unclassified	2.1365191999
PWY66-400: glycolysis VI (metazoan)	2.5889548013
PWY66-400: glycolysis VI (metazoan)|unclassified	2.2530767580
PWY66-387: fatty acid &alpha;-oxidation II	2.5796783253
PWY66-387: fatty acid &alpha;-oxidation II|unclassified	2.1794843083
P562-PWY: myo-inositol degradation I	2.4955658701
P562-PWY: myo-inositol degradation I|g__Pseudomonas.s__Pseudomonas_fragi	1.0208335051
P562-PWY: myo-inositol degradation I|unclassified	0.9233630154
SULFATE-CYS-PWY: superpathway of sulfate assimilation and cysteine biosynthesis	2.4920583523
SULFATE-CYS-PWY: superpathway of sulfate assimilation and cysteine biosynthesis|unclassified	2.1342390199
PWY66-367: ketogenesis	2.4429965409
PWY66-367: ketogenesis|unclassified	2.1672097323
PWY0-166: superpathway of pyrimidine deoxyribonucleotides de novo biosynthesis (E. coli)	2.4323509229
PWY0-166: superpathway of pyrimidine deoxyribonucleotides de novo biosynthesis (E. coli)|unclassified	2.0416336290
DTDPRHAMSYN-PWY: dTDP-L-rhamnose biosynthesis I	2.3450468697
DTDPRHAMSYN-PWY: dTDP-L-rhamnose biosynthesis I|unclassified	2.2503042557
DENOVOPURINE2-PWY: superpathway of purine nucleotides de novo biosynthesis II	2.3110994958
DENOVOPURINE2-PWY: superpathway of purine nucleotides de novo biosynthesis II|unclassified	1.7276269529
PWY-6703: preQ0 biosynthesis	2.2859630202
PWY-6703: preQ0 biosynthesis|unclassified	2.1960309226
PWY-5695: urate biosynthesis/inosine 5'-phosphate degradation	2.1953031009
PWY-5695: urate biosynthesis/inosine 5'-phosphate degradation|unclassified	0.6279701506
PWY-6147: 6-hydroxymethyl-dihydropterin diphosphate biosynthesis I	2.1500285358
PWY-6147: 6-hydroxymethyl-dihydropterin diphosphate biosynthesis I|unclassified	0.4083601717
PWY-7432: phenylalanine biosynthesis (cytosolic, plants)	2.1353858908
PWY-7432: phenylalanine biosynthesis (cytosolic, plants)|unclassified	1.7925719319
SER-GLYSYN-PWY: superpathway of serine and glycine biosynthesis I	2.1203124676
SER-GLYSYN-PWY: superpathway of serine and glycine biosynthesis I|unclassified	1.6422447193
PWY-7187: pyrimidine deoxyribonucleotides de novo biosynthesis II	2.1022857931
PWY-7187: pyrimidine deoxyribonucleotides de novo biosynthesis II|unclassified	1.7924402823
UBISYN-PWY: superpathway of ubiquinol-8 biosynthesis (prokaryotic)	2.0819682045
UBISYN-PWY: superpathway of ubiquinol-8 biosynthesis (prokaryotic)|unclassified	1.7833671185
PWY-6628: superpathway of phenylalanine biosynthesis	2.0663722084
PWY-6628: superpathway of phenylalanine biosynthesis|unclassified	1.7630433293
PWY-6737: starch degradation V	2.0361325068
PWY-6737: starch degradation V|unclassified	1.6801349388
3-HYDROXYPHENYLACETATE-DEGRADATION-PWY: 4-hydroxyphenylacetate degradation	1.9938960684
3-HYDROXYPHENYLACETATE-DEGRADATION-PWY: 4-hydroxyphenylacetate degradation|unclassified	1.6132787702
TRIGLSYN-PWY: triacylglycerol biosynthesis	1.9859779858
TRIGLSYN-PWY: triacylglycerol biosynthesis|unclassified	1.8622755748
PWY-6946: cholesterol degradation to androstenedione II (cholesterol dehydrogenase)	1.9086505794
PWY-6946: cholesterol degradation to androstenedione II (cholesterol dehydrogenase)|unclassified	1.6054093581
PWY-6098: diploterol and cycloartenol biosynthesis	1.9013924122
PWY-6098: diploterol and cycloartenol biosynthesis|unclassified	1.5273172446
PWY-6098: diploterol and cycloartenol biosynthesis|g__Rhodopseudomonas.s__Rhodopseudomonas_palustris	0.3740751676
PWY-5136: fatty acid &beta;-oxidation II (peroxisome)	1.8866841544
PWY-5136: fatty acid &beta;-oxidation II (peroxisome)|unclassified	1.3177950640
PANTO-PWY: phosphopantothenate biosynthesis I	1.8831892594
PANTO-PWY: phosphopantothenate biosynthesis I|unclassified	1.7386544053
PWY-5659: GDP-mannose biosynthesis	1.8789812562
PWY-5659: GDP-mannose biosynthesis|unclassified	0.7624664834
PWY-7233: ubiquinol-6 bypass biosynthesis (eukaryotic)	1.8501291976
PWY-7233: ubiquinol-6 bypass biosynthesis (eukaryotic)|unclassified	1.8043511339
PWY-6633: caffeine degradation V (bacteria, via trimethylurate)	1.8320853733
PWY-6633: caffeine degradation V (bacteria, via trimethylurate)|unclassified	1.7473367117
PWY-7235: superpathway of ubiquinol-6 biosynthesis (eukaryotic)	1.7309510608
PWY-7235: superpathway of ubiquinol-6 biosynthesis (eukaryotic)|unclassified	1.6725551209
PWY-5121: superpathway of geranylgeranyl diphosphate biosynthesis II (via MEP)	1.7127515564
PWY-5121: superpathway of geranylgeranyl diphosphate biosynthesis II (via MEP)|unclassified	1.4835743243
PWY-5138: unsaturated, even numbered fatty acid &beta;-oxidation	1.6415427169
PWY-5138: unsaturated, even numbered fatty acid &beta;-oxidation|unclassified	1.3874901212
PWY66-391: fatty acid &beta;-oxidation VI (peroxisome)	1.6038959357
PWY66-391: fatty acid &beta;-oxidation VI (peroxisome)|unclassified	1.2370292003
PWY-6125: superpathway of guanosine nucleotides de novo biosynthesis II	1.6017063416
PWY-6125: superpathway of guanosine nucleotides de novo biosynthesis II|unclassified	1.4025953471
GLUDEG-I-PWY: GABA shunt	1.5990077325
GLUDEG-I-PWY: GABA shunt|unclassified	0.8064845225
PWY-6126: superpathway of adenosine nucleotides de novo biosynthesis II	1.5709071710
PWY-6126: superpathway of adenosine nucleotides de novo biosynthesis II|unclassified	1.1468190418
PWY-7229: superpathway of adenosine nucleotides de novo biosynthesis I	1.5709071710
PWY-7229: superpathway of adenosine nucleotides de novo biosynthesis I|unclassified	1.1468190418
PYRIDNUCSAL-PWY: NAD salvage pathway I	1.5432487735
PYRIDNUCSAL-PWY: NAD salvage pathway I|unclassified	1.2924371283
PWY-7007: methyl ketone biosynthesis	1.5359575999
PWY-7007: methyl ketone biosynthesis|unclassified	0.9461124963
PWY-5870: ubiquinol-8 biosynthesis (eukaryotic)	1.4357149595
PWY-5870: ubiquinol-8 biosynthesis (eukaryotic)|unclassified	1.3979268179
PWY-5873: ubiquinol-7 biosynthesis (eukaryotic)	1.3481682598
PWY-5873: ubiquinol-7 biosynthesis (eukaryotic)|unclassified	1.3050365397
PWY-5505: glutamate and glutamine biosynthesis	1.3336971149
PWY-5505: glutamate and glutamine biosynthesis|unclassified	1.0742458268
PWY-4321: glutamate degradation IV	1.3240906238
PWY-4321: glutamate degradation IV|unclassified	0.8336574906
PWY-6608: guanosine nucleotides degradation III	1.3240309459
PWY-6608: guanosine nucleotides degradation III|unclassified	0.5480380223
PWY-5872: ubiquinol-10 biosynthesis (eukaryotic)	1.3154316731
PWY-5872: ubiquinol-10 biosynthesis (eukaryotic)|unclassified	1.2797736826
PWY3O-19: ubiquinol-6 biosynthesis from 4-hydroxybenzoate (eukaryotic)	1.3154316731
PWY3O-19: ubiquinol-6 biosynthesis from 4-hydroxybenzoate (eukaryotic)|unclassified	1.2797736826
PWY-6383: mono-trans, poly-cis decaprenyl phosphate biosynthesis	1.2912767523
PWY-6383: mono-trans, poly-cis decaprenyl phosphate biosynthesis|unclassified	0.8814610643
PWY-5749: itaconate degradation	1.2843742012
PWY-5749: itaconate degradation|unclassified	1.0306497193
PWY-7288: fatty acid &beta;-oxidation (peroxisome, yeast)	1.2530754400
PWY-7288: fatty acid &beta;-oxidation (peroxisome, yeast)|unclassified	1.1484569565
PWY4FS-7: phosphatidylglycerol biosynthesis I (plastidic)	1.1919954796
PWY4FS-7: phosphatidylglycerol biosynthesis I (plastidic)|unclassified	1.1492287413
PWY4FS-8: phosphatidylglycerol biosynthesis II (non-plastidic)	1.1919954796
PWY4FS-8: phosphatidylglycerol biosynthesis II (non-plastidic)|unclassified	1.1492287413
PWY-5384: sucrose degradation IV (sucrose phosphorylase)	1.1869666672
PWY-5384: sucrose degradation IV (sucrose phosphorylase)|unclassified	0.8955179683
POLYISOPRENSYN-PWY: polyisoprenoid biosynthesis (E. coli)	1.1439147441
POLYISOPRENSYN-PWY: polyisoprenoid biosynthesis (E. coli)|unclassified	0.9817179135
PWY-5005: biotin biosynthesis II	1.1041177826
P124-PWY: Bifidobacterium shunt	0.9972441081
P124-PWY: Bifidobacterium shunt|unclassified	0.8501866517
PWY-621: sucrose degradation III (sucrose invertase)	0.8982961710
PWY-621: sucrose degradation III (sucrose invertase)|unclassified	0.7792142948
PWY-282: cuticular wax biosynthesis	0.8447420402
PWY-282: cuticular wax biosynthesis|unclassified	0.8311875537
P23-PWY: reductive TCA cycle I	0.8173464706
P23-PWY: reductive TCA cycle I|unclassified	0.7541773091
PWY-5173: superpathway of acetyl-CoA biosynthesis	0.7267986644
PWY-5173: superpathway of acetyl-CoA biosynthesis|unclassified	0.6526557846
PWY-6353: purine nucleotides degradation II (aerobic)	0.6937214023
PWY-6353: purine nucleotides degradation II (aerobic)|unclassified	0.4161784337
PWY66-422: D-galactose degradation V (Leloir pathway)	0.6378370235
PWY66-422: D-galactose degradation V (Leloir pathway)|unclassified	0.6376335457
GLYCOLYSIS-E-D: superpathway of glycolysis and Entner-Doudoroff	0.6046046662
GLYCOLYSIS-E-D: superpathway of glycolysis and Entner-Doudoroff|unclassified	0.5407635392
PWY-7269: NAD/NADP-NADH/NADPH mitochondrial interconversion (yeast)	0.6014861808
PWY-7269: NAD/NADP-NADH/NADPH mitochondrial interconversion (yeast)|unclassified	0.5901839989
FAO-PWY: fatty acid &beta;-oxidation I	0.5807890335
FAO-PWY: fatty acid &beta;-oxidation I|unclassified	0.4954279157
PWY-3661: glycine betaine degradation I	0.5342038617
PWY-3661: glycine betaine degradation I|unclassified	0.5218919919
PWY-6901: superpathway of glucose and xylose degradation	0.4637369529
PWY-6901: superpathway of glucose and xylose degradation|unclassified	0.4333288518
PWY0-1296: purine ribonucleosides degradation	0.4626849211
PWY0-1296: purine ribonucleosides degradation|unclassified	0.2183210149
PWY0-162: superpathway of pyrimidine ribonucleotides de novo biosynthesis	0.4616607084
PWY0-162: superpathway of pyrimidine ribonucleotides de novo biosynthesis|unclassified	0.4469718553
PWY-7098: vanillin and vanillate degradation II	0.4573419451
PWY-7098: vanillin and vanillate degradation II|unclassified	0.3625652817
PWY0-1479: tRNA processing	0.4333228207
PWY0-1479: tRNA processing|unclassified	0.4119853290
PWY-7434: terminal O-glycans residues modification	0.4037454071
PWY-7434: terminal O-glycans residues modification|unclassified	0.4037454071
PWY-6842: glutathione-mediated detoxification II	0.3944188860
PWY-6842: glutathione-mediated detoxification II|unclassified	0.3944188860
PWY-5030: histidine degradation III	0.3893734785
PWY-5030: histidine degradation III|unclassified	0.3840662030
SALVADEHYPOX-PWY: adenosine nucleotides degradation II	0.3843181878
SALVADEHYPOX-PWY: adenosine nucleotides degradation II|unclassified	0.2892223168
PWY0-1297: superpathway of purine deoxyribonucleosides degradation	0.3841492355
PWY0-1297: superpathway of purine deoxyribonucleosides degradation|unclassified	0.2894399292
PWY-6567: chondroitin sulfate biosynthesis (late stages)	0.3623188406
PWY-6567: chondroitin sulfate biosynthesis (late stages)|unclassified	0.3623188406
PWY-6763: salicortin biosynthesis	0.3233437416
PWY-6763: salicortin biosynthesis|unclassified	0.3233437416
P163-PWY: lysine fermentation to acetate and butyrate	0.3196617573
P163-PWY: lysine fermentation to acetate and butyrate|unclassified	0.3196617573
PENTOSE-P-PWY: pentose phosphate pathway	0.3160207595
PENTOSE-P-PWY: pentose phosphate pathway|unclassified	0.2998420965
PWY-7039: phosphatidate metabolism, as a signaling molecule	0.3056007803
PWY-7039: phosphatidate metabolism, as a signaling molecule|unclassified	0.3056007803
METHYLGALLATE-DEGRADATION-PWY: methylgallate degradation	0.2704099183
METHYLGALLATE-DEGRADATION-PWY: methylgallate degradation|unclassified	0.2115973937
PWY-6351: D-myo-inositol (1,4,5)-trisphosphate biosynthesis	0.2509797079
PWY-6351: D-myo-inositol (1,4,5)-trisphosphate biosynthesis|unclassified	0.2509797079
GALLATE-DEGRADATION-I-PWY: gallate degradation II	0.2171826516
GALLATE-DEGRADATION-I-PWY: gallate degradation II|unclassified	0.1594861322
PWY-7208: superpathway of pyrimidine nucleobases salvage	0.2105762523
PWY-7208: superpathway of pyrimidine nucleobases salvage|unclassified	0.2075542423
PWY-7006: 4-amino-3-hydroxybenzoate degradation	0.2058979656
PWY-7006: 4-amino-3-hydroxybenzoate degradation|unclassified	0.2058979656
PWY0-1261: anhydromuropeptides recycling	0.1735473348
PWY0-1261: anhydromuropeptides recycling|unclassified	0.1734394053
PWY66-374: C20 prostanoid biosynthesis	0.1684590595
PWY66-374: C20 prostanoid biosynthesis|unclassified	0.1684590595
PWY5F9-12: biphenyl degradation	0.1468765372
PWY5F9-12: biphenyl degradation|unclassified	0.1468765372
PWY-6568: dermatan sulfate biosynthesis (late stages)	0.1465035144
PWY-6568: dermatan sulfate biosynthesis (late stages)|unclassified	0.1465035144
OXIDATIVEPENT-PWY: pentose phosphate pathway (oxidative branch) I	0.1396381953
OXIDATIVEPENT-PWY: pentose phosphate pathway (oxidative branch) I|unclassified	0.1360767072
HCAMHPDEG-PWY: 3-phenylpropanoate and 3-(3-hydroxyphenyl)propanoate degradation to 2-oxopent-4-enoate	0.1234077972
HCAMHPDEG-PWY: 3-phenylpropanoate and 3-(3-hydroxyphenyl)propanoate degradation to 2-oxopent-4-enoate|unclassified	0.1234077972
PWY-5675: nitrate reduction V (assimilatory)	0.1180948937
PWY-5675: nitrate reduction V (assimilatory)|unclassified	0.1179090844
PWY-5163: p-cumate degradation to 2-oxopent-4-enoate	0.1148609260
PWY-5163: p-cumate degradation to 2-oxopent-4-enoate|unclassified	0.1143406767
KETOGLUCONMET-PWY: ketogluconate metabolism	0.1017556682
KETOGLUCONMET-PWY: ketogluconate metabolism|unclassified	0.1015091478
PWY-1622: formaldehyde assimilation I (serine pathway)	0.0918985789
PWY-1622: formaldehyde assimilation I (serine pathway)|unclassified	0.0915776996
PWY-6527: stachyose degradation	0.0749793243
PWY-6527: stachyose degradation|unclassified	0.0749793243
P185-PWY: formaldehyde assimilation III (dihydroxyacetone cycle)	0.0689816611
P185-PWY: formaldehyde assimilation III (dihydroxyacetone cycle)|unclassified	0.0681747766
PWY-6215: 4-chlorobenzoate degradation	0.0616209392
PWY-6215: 4-chlorobenzoate degradation|unclassified	0.0614365557
PWY1F-FLAVSYN: flavonoid biosynthesis	0.0546695874
PWY1F-FLAVSYN: flavonoid biosynthesis|unclassified	0.0546695874